variable,mae,rmse,r2,bias
dT/dt,1.733650606183801e-05,3.506686657656441e-05,0.578751802444458,1.0146683848688554e-07
dq/dt,1.0242815484673429e-08,2.8291281054909823e-08,0.14984887838363647,-3.70148946216009e-11
cam_out_NETSW,30.057138442993164,52.10607185932725,0.9589187502861023,0.47331830859184265
cam_out_FLWDS,9.375422477722168,12.891145822811874,0.9723270535469055,-0.3432061970233917
cam_out_PRECSC,2.1121988602601505e-09,5.365283078385025e-09,0.6020036339759827,-5.340251574281751e-10
cam_out_PRECC,1.9997081324163446e-08,5.2342369271662334e-08,0.6675546169281006,-1.3134601184461303e-09
cam_out_SOLS,16.054887771606445,30.355498658861215,0.9289847016334534,0.31088581681251526
cam_out_SOLL,18.68915557861328,35.11043890243862,0.9158619046211243,0.31890738010406494
cam_out_SOLSD,8.426413536071777,15.148722558883163,0.8969569802284241,-0.23471952974796295
cam_out_SOLLD,7.594686031341553,14.48365441168725,0.7674902677536011,0.19428351521492004
